Email,First Name,Last Name,Residential Address Street,Residential Address Locality,Residential Address State,Residential Address Postcode,Postal Address Street,Postal Address Locality,Postal Address State,Postal Address Postcode
,Darcy,Waters,8540 Charli Summit,AIRLIE BEACH,QLD,4802,376 Williamson Hill,ARTHUR RIVER,WA,6315
lindsay_bradtke@gmail.com,Georgia,Stewart,650 Harris Summit,ARCTURUS,QLD,4722,477 Jasmine Circle,ALDINGA,SA,5173
jaime_kuphal@yahoo.com,Joshua,Schmidt,53 Klein Circle,AMBLESIDE,TAS,7310,2979 Anthony Drive,AMOR,VIC,3825
odell.king@hotmail.com,Natalie,Smith,545 Summer Avenue,ALVIE,VIC,3249,5454 Koss Track,ANABRANCH SOUTH,NSW,2648
carlos@hotmail.com,Cameron,Schneider,46 Becker Summit,ALLANSFORD,VIC,3277,3137 Lakin Station St,ALLANS FLAT,VIC,3691
victor.lindgren@yahoo.com,Phoenix,Kemmer,15 Savannah Trail,ALLANS FLAT,VIC,3691,83 Amelie Drive,AUSTINMER,NSW,2515
kecia_kuvalis@yahoo.com,Stephanie,Towne,851 Savannah Place,AURUKUN,QLD,4892,40 Angelina Track,AMAROO,QLD,4829
tammera@gmail.com,Nathan,Goodwin,645 Davies Mall,AVOCA,TAS,7213,49 Howell Boulevard,ARCADIA,VIC,3631
annika@hotmail.com,Riley,Fahey,89 Morrison Station St,ALLESTREE,VIC,3305,26 Walter Pass,ALBINIA,QLD,4722
irving_ryan@yahoo.com,Amber,Beier,322 Joseph Knoll,AMAROO,NSW,2866,465 Lee Estate Dr,ALBANY CREEK,QLD,4035